conversation_id_str,created_at,favorite_count,full_text,id_str,image_url,in_reply_to_screen_name,lang,location,quote_count,reply_count,retweet_count,tweet_url,user_id_str,username
1972680101943759127,Mon Sep 29 23:20:09 +0000 2025,0,@Zerifunyan untung langsung turu bisa dicoba nih bagi yg insomnia atau malah makin nambah insomnianya,1972803614247915748,,Zerifunyan,in,,0,0,0,https://x.com/undefined/status/1972803614247915748,1857955951518822400,
1972797497425940813,Mon Sep 29 22:55:50 +0000 2025,0,Insomnia iko apa inanitandika ni kama si me nikona journey ya 530am,1972797497425940813,,,in,,0,0,0,https://x.com/undefined/status/1972797497425940813,1493737303,
1972790665387167805,Mon Sep 29 22:28:41 +0000 2025,0,Disebabkan insomnia nak tahu tentang team Sumud aku join live diaorang sambil menung tutup mata tunggu terlelap. Tapi at the moment Palestine guy said this I think I didn't do enough. So aku bukak balik akaun FB lama aku (dlm tu ada 300+ friends). As much as I can bro. https://t.co/fURGnzEyqz,1972790665387167805,https://pbs.twimg.com/ext_tw_video_thumb/1972790585728864257/pu/img/4tq3p7mYGH0t4upL.jpg,,in,,0,0,0,https://x.com/undefined/status/1972790665387167805,1678727400946040832,
1972695650795147678,Mon Sep 29 22:05:54 +0000 2025,0,@mausususapi Apakah sakit insomnia ?,1972784931110826223,,mausususapi,in,,0,0,0,https://x.com/undefined/status/1972784931110826223,1909627192470126594,
1972784203797569561,Mon Sep 29 22:03:01 +0000 2025,0,satu tahun ini w susah bgt tidur insomnia akut sampe kemaren ke psikater tapi jawabannya ga memuaskan dan sepertinya salah diagnose ,1972784203797569561,,,in,,0,1,0,https://x.com/undefined/status/1972784203797569561,2220939319,
1972769903527731624,Mon Sep 29 21:06:11 +0000 2025,0,insomnia + asem lambung + darah rendah. aku gapapa kan,1972769903527731624,,,in,,0,0,0,https://x.com/undefined/status/1972769903527731624,884009845,
1972768224375898275,Mon Sep 29 20:59:31 +0000 2025,0,Insomnia jir -_-,1972768224375898275,,,in,,0,0,0,https://x.com/undefined/status/1972768224375898275,1659765165284556801,
1972762054231822647,Mon Sep 29 20:35:00 +0000 2025,0,capek bgt jrot insomnia tu,1972762054231822647,,,in,,0,0,0,https://x.com/undefined/status/1972762054231822647,1526214782608584704,
1972749544615194889,Mon Sep 29 19:45:18 +0000 2025,0,Jenuh,1972749544615194889,,,in,,0,0,0,https://x.com/undefined/status/1972749544615194889,1781223220047380480,
1972747969905807536,Mon Sep 29 19:39:02 +0000 2025,0,Insomnia hits too hard but for the first time bersyukur bgt bcs aku dgn senang hati menyusun playlist untuk pacar cantikkuu ️,1972747969905807536,,,in,,0,1,0,https://x.com/undefined/status/1972747969905807536,1840850989555073025,
1972746015762698527,Mon Sep 29 19:31:16 +0000 2025,0,29 Sep 25 Aku insomnia hampir seminggu ini tidur subuh terus ‍↕️,1972746015762698527,,,in,,0,0,0,https://x.com/undefined/status/1972746015762698527,76619776,
1972744694380872076,Mon Sep 29 19:26:02 +0000 2025,0,Aku dah ngerasa imun tubuh makin turun gara² insomnia Aku tuh ngecemasin sesuatu tapi ga tau apa yg aku cemasin ,1972744696402501684,,profhangezoe,in,,0,0,0,https://x.com/undefined/status/1972744696402501684,1014842805057802240,
1972744694380872076,Mon Sep 29 19:26:01 +0000 2025,0,Capek ih insomnia mulu dah 2 minggu ini Kalau malem bisanya tidur cuma 1 jam trus ga bisa tidur sampe pagi ,1972744694380872076,,,in,,0,2,0,https://x.com/undefined/status/1972744694380872076,1014842805057802240,
1972744501199569254,Mon Sep 29 19:25:15 +0000 2025,0,Obat insomniauntung ada seri a https://t.co/JhgCbKp5vU,1972744501199569254,https://pbs.twimg.com/media/G2CYqyDbkAA4lKi.jpg,,in,,0,0,0,https://x.com/undefined/status/1972744501199569254,29437269,
1972744210106466581,Mon Sep 29 19:24:06 +0000 2025,0,Tiap malem kek gini terus insomnia.. nanti tidur paling jam 8 pagi bangun 2 jam kemudian. Makan kurang masuk pasti muntah terus. Gitu aja weh ini mah ,1972744210106466581,,,in,,0,0,0,https://x.com/undefined/status/1972744210106466581,1429994986364280833,
1972734101762498999,Mon Sep 29 19:21:19 +0000 2025,0,@yuanzhilinqiye emg sih aku jg kl lg insomnia mau dipaksa merem juga gak mau nurut mau gak mau emg harus dipaksa tiduran speedy recovery kak janlup minum vitamin,1972743509418664125,,yuanzhilinqiye,in,,0,1,0,https://x.com/undefined/status/1972743509418664125,1878458142692179968,
1972741933765382189,Mon Sep 29 19:15:03 +0000 2025,0,Sebuah jurnal insomnia.. https://t.co/1x4LIRoGiO,1972741933765382189,https://pbs.twimg.com/media/G2CWVTkacAAZHL4.jpg,,in,,0,0,0,https://x.com/undefined/status/1972741933765382189,1924282219281145856,
1972737984836632700,Mon Sep 29 18:59:21 +0000 2025,0,Depresi insomnia ditambah rambut botak parah,1972737984836632700,,,in,,0,0,0,https://x.com/undefined/status/1972737984836632700,1219773461108670464,
1972732771480277398,Mon Sep 29 18:38:38 +0000 2025,13,Lagi insomnia siapa mau jadi mutual?,1972732771480277398,,,in,,0,1,5,https://x.com/undefined/status/1972732771480277398,2316572084,
1972732474615861405,Mon Sep 29 18:37:28 +0000 2025,0,Insomnia in Ikebukuro https://t.co/U2ZPEXbbgF,1972732474615861405,https://pbs.twimg.com/media/G2CNufjaUAAN5zz.jpg,,in,,0,0,0,https://x.com/undefined/status/1972732474615861405,23549887,
1972499986383585416,Mon Sep 29 18:25:16 +0000 2025,0,@Nidhzee Insomnia hai toh...,1972729406880907642,,Nidhzee,in,,0,0,0,https://x.com/undefined/status/1972729406880907642,935406527107571712,
1972723368102109399,Mon Sep 29 18:01:17 +0000 2025,6,[] Yoohyeon em 'For' na fancom em Taipei (15/06)! #UAU #유아유 #Yoohyeon @hf_dreamcatcher © InSomnia_107 https://t.co/Q49dL8DOy4,1972723368102109399,https://pbs.twimg.com/amplify_video_thumb/1947156839788879873/img/NnRAHVVWDLne8BKd.jpg,,in,,0,0,2,https://x.com/undefined/status/1972723368102109399,805804554587672576,
1972714420863488439,Mon Sep 29 17:48:25 +0000 2025,2,@jmnhigh @thisismaytryin @luna_bunnie CHINGU ALICE IN BORDERLAND DEKHO,1972720133992042519,,jmnhigh,in,,0,1,0,https://x.com/undefined/status/1972720133992042519,1849014076351127552,
1972715028953579770,Mon Sep 29 17:37:19 +0000 2025,0,@moucherrie Selalu saja kamu insomnia Ruby. Ckckck.,1972717336999461209,,moucherrie,in,,0,0,0,https://x.com/undefined/status/1972717336999461209,835803698638925826,
1972715522673537309,Mon Sep 29 17:30:06 +0000 2025,0,kalau lagi insomnia suka muncul jiwa impulsif checkout sopi ,1972715522673537309,,,in,,0,0,0,https://x.com/undefined/status/1972715522673537309,1442702660,
1972711534976745626,Mon Sep 29 17:14:15 +0000 2025,0,SINI LU JADI GUA ANJR INSOMNIA KAGAK ENAK,1972711534976745626,,,in,,0,0,0,https://x.com/undefined/status/1972711534976745626,1860391674691878913,
1972708565598216544,Mon Sep 29 17:02:27 +0000 2025,0,gue perlu bikin sleep diary juga deh kyk di breeze of love itu gue liat liat berguna sih ya soalnya gue insomnia juga ,1972708565598216544,,,in,,0,0,0,https://x.com/undefined/status/1972708565598216544,308923302,
1972191823528710230,Mon Sep 29 16:51:56 +0000 2025,0,@xendless_s gua yg insomnia = penyabu :),1972705916433866947,,xendless_s,in,,0,0,0,https://x.com/undefined/status/1972705916433866947,1603810930554732544,
1972699656204509538,Mon Sep 29 16:27:03 +0000 2025,0,Tidur itu enakk (apalagi kalo ketiduran) makanya yang pelor harus banyakin syukur deh insomnia tuh nyiksa soalnya,1972699656204509538,,,in,,0,0,0,https://x.com/undefined/status/1972699656204509538,1931328065021616128,
1972378409885123065,Mon Sep 29 15:13:39 +0000 2025,0,@nunonana2 Kan insomnia judul nya ,1972681181851254858,,nunonana2,in,,0,0,0,https://x.com/undefined/status/1972681181851254858,46612948,
1972674549696070138,Mon Sep 29 14:47:17 +0000 2025,0,gagi nalala insomnia ko,1972674549696070138,,,in,,0,0,0,https://x.com/undefined/status/1972674549696070138,1457707149467914243,
1972350558888661089,Mon Sep 29 13:42:14 +0000 2025,0,@mipyeon insomnia nuna? udah tidur nun semalem,1972658179998912600,,mipyeon,in,,0,1,0,https://x.com/undefined/status/1972658179998912600,929351726,
1972652270694375493,Mon Sep 29 13:22:14 +0000 2025,0,@RRaneswara5125 jangan kopi aku masih belum boleh kopi. takut insomnia lagi. ,1972653142962815483,,RRaneswara5125,in,,0,1,0,https://x.com/undefined/status/1972653142962815483,1894278414200442881,
1972651145761087736,Mon Sep 29 13:14:17 +0000 2025,0,Kita tunggu dulu setlist nya baru nyari tiketnya wkwk jebal insomnia masuk (memohon dengan lemah lembut),1972651145761087736,,,in,,0,1,0,https://x.com/undefined/status/1972651145761087736,950356571216752640,
1972628216444772591,Mon Sep 29 13:13:43 +0000 2025,0,@omulasu22 Long weekend sir? Ama yako ni insomnia tu?,1972651002269782250,,omulasu22,in,,0,1,0,https://x.com/undefined/status/1972651002269782250,551763515,
1972649146999021805,Mon Sep 29 13:06:21 +0000 2025,0,Ngidam liat perfom insomnia weh,1972649146999021805,,,in,,0,0,0,https://x.com/undefined/status/1972649146999021805,950356571216752640,
1972647038249779624,Mon Sep 29 12:57:58 +0000 2025,0,Surya Insomnia kata ni bocah @dobinguk ,1972647038249779624,,,in,,0,1,0,https://x.com/undefined/status/1972647038249779624,1939604365591146496,
1972645780084425187,Mon Sep 29 12:52:58 +0000 2025,0,Gimana nasib gw kalo insomnia masuk setlist here&amp;now,1972645780084425187,,,in,,0,0,0,https://x.com/undefined/status/1972645780084425187,950356571216752640,
1972645523867013481,Mon Sep 29 12:51:57 +0000 2025,0,perasaanku aja apa gimana senyumnya el putra mirip surya insomnia bgtt,1972645523867013481,,,in,,0,0,0,https://x.com/undefined/status/1972645523867013481,1252639448199647233,
1972203752485798122,Mon Sep 29 11:55:21 +0000 2025,0,@cloudelle_ Jangan yah,1972631280216117450,,cloudelle_,in,,0,0,0,https://x.com/undefined/status/1972631280216117450,1781223220047380480,
1972526463007248405,Mon Sep 29 04:58:51 +0000 2025,0,Wah gila ketikan lu jahat banget lu gak tahu yaa rasanya ovt insomnia cemas i was there in that situation dan buat sembuh tuh gak segampang yang lu pikir anjir. Itu kenapa member try to make he feel comfort and try to build his confident,1972526463007248405,,,in,,0,0,0,https://x.com/undefined/status/1972526463007248405,1414706713,
1972345261843509657,Mon Sep 29 04:50:39 +0000 2025,56,Tart cherry baru first bottle tapi nak habis dah kalau ada insomnia ringan please try minum tidur lagi lena tau. Boleh jugak bantu kurangkan keradangan/sakit otot turunkan paras uric acid &amp; gout baik untuk jantung &amp; tingkatkan imuniti. ️ https://t.co/st117rBZo2 https://t.co/e7g4YTha82,1972524400294727984,https://pbs.twimg.com/media/G1_Qel4agAAnHpd.jpg,middlepipol,in,,0,1,54,https://x.com/undefined/status/1972524400294727984,928286504991854592,
1972523951646769257,Mon Sep 29 04:48:52 +0000 2025,0,Capek banget insomnia sedih bgt baru bisa tidur jam 3 ke bawah ,1972523951646769257,,,in,,0,0,0,https://x.com/undefined/status/1972523951646769257,1625008600082186240,
1972345261843509657,Mon Sep 29 04:46:08 +0000 2025,76,Konsisten consume magnesium glycinate say no more to otak bising &amp; badan penat. Anxious? Overthinking? Insomnia? NO MOREEE!!! Badan jadi lagi tense &amp; fresh 3 BULAN JEEE PLEASE CONSUME 3 BULAN JEE even pharmacist pun berharap benda yang sama tau ️ https://t.co/zO8GLJCSHJ https://t.co/NfTqR68Z0I,1972523264393220368,https://pbs.twimg.com/media/G1_PcyqaMAAQJ_T.jpg,middlepipol,in,,0,1,67,https://x.com/undefined/status/1972523264393220368,928286504991854592,
1972519418455642185,Mon Sep 29 04:30:51 +0000 2025,0,Yg insomnia nyimak aja,1972519418455642185,,,in,,0,0,0,https://x.com/undefined/status/1972519418455642185,1597529019125145600,
1972512433156812938,Mon Sep 29 04:03:06 +0000 2025,0,kalo tengah malam insomnia malah session planning hidup sampai krisis eksistensial,1972512433156812938,,,in,,0,0,0,https://x.com/undefined/status/1972512433156812938,1933665417823948800,
1972503963586187442,Mon Sep 29 03:29:26 +0000 2025,0,Gw jujur gakkan mau ambil karena itu pasti bisa jadi bahan blackmailing. Gw udah punya insomnia apalagi nerima duit panas kayak gini,1972503963586187442,,,in,,0,0,0,https://x.com/undefined/status/1972503963586187442,1361422247978704896,
1821796373471379919,Mon Sep 29 03:10:26 +0000 2025,0,Accidentally Added a Wealthy Old Man by Song Jiuyin 100ch Drama School Life Yaoi HE Age gap 10 tahun. Diabaikan oleh keluarga angkatnya dan dibuang oleh keluarga kandungnya menjadi penyebab MC insomnia. MC hanya bisa tidur jika ML membacakannya cerita dongeng. https://t.co/fx2Tp6jLRP,1972499179374293450,https://pbs.twimg.com/media/G1-4jMZaIAAecah.jpg,erightta,in,,0,1,0,https://x.com/undefined/status/1972499179374293450,1072079156140158976,
1972191823528710230,Mon Sep 29 02:50:22 +0000 2025,0,@UpiRaharjo @OngkoRobby12198 @xendless_s Gue masa remaja yang sering begadang krna ngoding nyengir doang bro.. banyak kasus insomnia pada remaja.,1972494129335775602,,UpiRaharjo,in,,0,0,0,https://x.com/undefined/status/1972494129335775602,2717631716,
1972485451950026933,Mon Sep 29 02:15:53 +0000 2025,1,oalah ming ming semoga ga di rujak pas insomnia zero yh kmu,1972485451950026933,,,in,,0,0,0,https://x.com/undefined/status/1972485451950026933,1527144674913562624,
1972471306605215887,Mon Sep 29 01:19:40 +0000 2025,3,Insomnia ini membunuhku Kapan bisa tidur nyenyak lagi kek dl yaaa...,1972471306605215887,,,in,,0,0,0,https://x.com/undefined/status/1972471306605215887,1423672130634354689,
1972470806845481324,Mon Sep 29 01:17:41 +0000 2025,0,ada yg namanya insomnia om,1972470806845481324,,,in,,0,0,0,https://x.com/undefined/status/1972470806845481324,1153315392871260160,
1972191823528710230,Mon Sep 29 01:14:15 +0000 2025,0,@UpiRaharjo @semurbetawi_ @xendless_s emang remaja ga ada yg insomnia?,1972469943263429050,,UpiRaharjo,in,,0,0,0,https://x.com/undefined/status/1972469943263429050,1014545373581328385,
1972468283652899194,Mon Sep 29 01:07:40 +0000 2025,0,Tertidur hanya untuk bermimpi hal yang tidak baik sepertinya menjadi insomnia lebih menarik. Apalagi jadi surya insomnia,1972468283652899194,,,in,,0,0,0,https://x.com/undefined/status/1972468283652899194,1216172868855156736,
1972463610178973874,Mon Sep 29 00:49:05 +0000 2025,0,Promosi last dance minggu pertama udah kelar semoga minggu kedua dapet insomnia live band https://t.co/z4Z3bysttd,1972463610178973874,https://pbs.twimg.com/tweet_video_thumb/G1-ZMd3awAArSnk.jpg,,in,,0,0,0,https://x.com/undefined/status/1972463610178973874,1140105956124024832,
1972191823528710230,Mon Sep 29 00:26:27 +0000 2025,0,@pujonoimam @xendless_s Pernyataan Kepala BNN itu menyoroti salah satu tanda potensial paparan narkoba pada remaja tapi pola tidur malam-aktif dan pagi-tidur bisa disebabkan faktor lain seperti belajar kerja shift atau insomnia. Jangan buru-buru simpulkan perhatikan tanda lain seperti perubahan,1972457913869533382,,pujonoimam,in,,0,0,0,https://x.com/undefined/status/1972457913869533382,1720665183188922368,
1972456706459553830,Mon Sep 29 00:21:39 +0000 2025,0,gue yg insomnia ini kek penyabu kah,1972456706459553830,,,in,,0,0,0,https://x.com/undefined/status/1972456706459553830,2238379328,
1972450201077207546,Sun Sep 28 23:55:48 +0000 2025,0,waduh gw pelaku tapi lingkungan gw emang pada suka minjem duit. jadi gw sengaja.,1972450201077207546,,,in,,0,0,0,https://x.com/undefined/status/1972450201077207546,765859339416457218,
1972447468974645446,Sun Sep 28 23:44:57 +0000 2025,0,Anjir pekerja shift malam dibilang make orang insomnia dibilang make . Kalo ngomong itu dipikir dulu mas.,1972447468974645446,,,in,,0,0,0,https://x.com/undefined/status/1972447468974645446,1595550894,
1972438225148067883,Sun Sep 28 23:08:13 +0000 2025,0,Gila deh insomnia gue kyknya beneran udh parah hari ini flight malah gabisa tidur samsek malemnya gatau kenapa gue kalo tidur sm org lain jg waktu itu sodara gue pada nginep gabisa tidur jg padahal space kasur gue masih oke bgt gimana caranya tidur deh frustasi jir,1972438225148067883,,,in,,0,0,0,https://x.com/undefined/status/1972438225148067883,1565703105777651713,
1972191823528710230,Sun Sep 28 23:07:18 +0000 2025,0,@xendless_s Pemuda bikin lamaran kerja latihan interview sampai malam pas interview gagal karena requirementnya yang aneh aneh agak depresi insomnia pagi baru bisa tidur (kamu narkoboy) ,1972437991709880409,,xendless_s,in,,0,0,0,https://x.com/undefined/status/1972437991709880409,2186482597,
1972191823528710230,Sun Sep 28 22:36:09 +0000 2025,0,@kiaipetruk @xendless_s Tidak sepenuhnya benar. Menurut Kepala BNN pola aktif malam dan tidur pagi bisa jadi salah satu tanda remaja terpapar narkoba terutama stimulan yang sebabkan insomnia. Namun banyak remaja alami ini karena perubahan hormon alami sekolah atau layar gadget. Bukan tanda pasti;,1972430155751825847,,kiaipetruk,in,,0,0,0,https://x.com/undefined/status/1972430155751825847,1720665183188922368,
1972191823528710230,Sun Sep 28 22:33:34 +0000 2025,0,@xendless_s Insomnia gmn nih... ,1972429503285838243,,xendless_s,in,,0,0,0,https://x.com/undefined/status/1972429503285838243,98600753,
1972413223069757717,Sun Sep 28 22:00:06 +0000 2025,0,@seisuiro Insomnia kah??,1972421083606511917,,seisuiro,in,,0,1,0,https://x.com/undefined/status/1972421083606511917,1870852866929524737,
1972419722990977397,Sun Sep 28 21:54:42 +0000 2025,1,Been struggling with insomnia lately 2 3 days no sleep terus kalau tidur cuma sejam langsung kebangun lagi ,1972419722990977397,,,in,,0,0,0,https://x.com/undefined/status/1972419722990977397,1008771721313128448,
1972404171946263036,Sun Sep 28 20:52:54 +0000 2025,0,capek banget punya insomnia kaya gini,1972404171946263036,,,in,,0,0,0,https://x.com/undefined/status/1972404171946263036,285911853,
1972398724929429785,Sun Sep 28 20:31:16 +0000 2025,2,Haris Rauf Allah kry Tumhy insomnia ho jaye hnri neend barbad krdi hai :(,1972398724929429785,,,in,,0,0,0,https://x.com/undefined/status/1972398724929429785,745557428582813696,
1972397675321688150,Sun Sep 28 20:27:05 +0000 2025,5,memanfaatkan insomnia dengan membuat ilustrasi mbg (makan beracun gratis) https://t.co/Kp9VvvotT8,1972397675321688150,https://pbs.twimg.com/media/G19c-vQaMAAhHXb.jpg,,in,,0,1,0,https://x.com/undefined/status/1972397675321688150,1412899381813018632,
1972395409181171949,Sun Sep 28 20:18:05 +0000 2025,0,Apa yang kamu harapin dari orang insomnia,1972395409181171949,,,in,,0,0,0,https://x.com/undefined/status/1972395409181171949,3194885332,
1972390824433631412,Sun Sep 28 19:59:52 +0000 2025,1,Bingung dah.. Insomnia tapi kepikiran buat baca ulang au ini.. Setan pojok kamar gue juga ketawa kali..,1972390824433631412,,,in,,1,0,0,https://x.com/undefined/status/1972390824433631412,1788232842184691713,
1972388751986090413,Sun Sep 28 19:51:38 +0000 2025,0,Badan dan mata terlampau lelah tapi untuk istirahat aja ga bisa :( Gimana ya ngatasin insomnia,1972388751986090413,,,in,,0,0,0,https://x.com/undefined/status/1972388751986090413,1113377502120910848,
1972386241481203749,Sun Sep 28 19:41:39 +0000 2025,2,Ahhh insomnia nya kambuh daritadi udah coba berbagai gaya tidur tetap gabisa tidur juga,1972386241481203749,,,in,,0,0,0,https://x.com/undefined/status/1972386241481203749,706763498,
1972383026647908563,Sun Sep 28 19:28:53 +0000 2025,0,Kalo menurut logika beliau orang yang kena insomnia pun juga dikatain terpapar narkoba. Noted pak!! Bapak tolol nya kebangetan ,1972383026647908563,,,in,,0,0,0,https://x.com/undefined/status/1972383026647908563,225722861,
1972374616804123084,Sun Sep 28 18:55:28 +0000 2025,0,gbisa tdr woii insomnia kambuh,1972374616804123084,,,in,,0,0,0,https://x.com/undefined/status/1972374616804123084,1638336425350553601,
1972371441384669381,Sun Sep 28 18:42:51 +0000 2025,0,kena kopi insomnia mampus,1972371441384669381,,,in,,0,0,0,https://x.com/undefined/status/1972371441384669381,1270276455520321537,
1972367465025040577,Sun Sep 28 18:27:03 +0000 2025,0,Ab 10 chahiye 6 ball mein https://t.co/kOp8ZYOxW3,1972367465025040577,https://pbs.twimg.com/tweet_video_thumb/G19BvpkW0AAThgT.jpg,,in,,0,0,0,https://x.com/undefined/status/1972367465025040577,1849014076351127552,
1972367332413706375,Sun Sep 28 18:26:31 +0000 2025,0,KYA BHAI KYAAAAAAAAAA https://t.co/JUrROOK39M,1972367332413706375,https://pbs.twimg.com/tweet_video_thumb/G19BoKfXAAAtjFe.jpg,,hi,,0,0,0,https://x.com/undefined/status/1972367332413706375,1849014076351127552,
1972366861028491424,Sun Sep 28 18:24:39 +0000 2025,1,10 MEI 8 BKL,1972366861028491424,,,in,,0,0,0,https://x.com/undefined/status/1972366861028491424,1849014076351127552,
1972364660176568527,Sun Sep 28 18:19:30 +0000 2025,0,@taekookbb07 Iska taang pe danda maar denge,1972365565177319651,,taekookbb07,in,,0,1,0,https://x.com/undefined/status/1972365565177319651,1849014076351127552,
1972364660176568527,Sun Sep 28 18:16:59 +0000 2025,0,@taekookbb07 Bathroom ho jayega mereko https://t.co/FngZTQJrMN,1972364934110679293,https://pbs.twimg.com/media/G18_c4_XAAAu8MU.png,taekookbb07,in,,0,1,0,https://x.com/undefined/status/1972364934110679293,1849014076351127552,
1972314038588842185,Sun Sep 28 14:54:45 +0000 2025,1,Insomnia ho gaya hai,1972314038588842185,,,in,,0,1,0,https://x.com/undefined/status/1972314038588842185,1557391254559662082,
1972302571571446184,Sun Sep 28 14:42:13 +0000 2025,0,@insomnia_0201 @thisismaytryin IKIK,1972310885248172427,,insomnia_0201,tl,,0,1,0,https://x.com/undefined/status/1972310885248172427,4226103919,
1972302447994671285,Sun Sep 28 14:08:41 +0000 2025,0,Hari minggu seorang ojol https://t.co/HyTvuAXIBU,1972302447994671285,https://pbs.twimg.com/ext_tw_video_thumb/1972302181526384640/pu/img/QbFHPO5G9JjQrPGa.jpg,,in,,0,0,0,https://x.com/undefined/status/1972302447994671285,1781223220047380480,
1972259229886197999,Sun Sep 28 13:59:14 +0000 2025,0,@imajinasop Gemanin bacaan aku pertama kali kenal km dan pettama kali juga aku ngumpat tiap kali baca wkwkwkw .. jadi inget dlu waktu insomnia parah baca gemanin malah sakit kepala ,1972300067282530367,,imajinasop,in,,0,0,0,https://x.com/undefined/status/1972300067282530367,3142872151,
1972298162003120590,Sun Sep 28 13:51:40 +0000 2025,4,Na drustilo pk eppatikii secular eh,1972298162003120590,,,in,,0,0,0,https://x.com/undefined/status/1972298162003120590,1501112161635995656,
1971874276266721302,Sun Sep 28 13:51:23 +0000 2025,0,@bencijadiwni @FOOD_FESS gue aja udah insomnia ga bakal gue cobain,1972298093644394682,,bencijadiwni,in,,0,0,0,https://x.com/undefined/status/1972298093644394682,1121099011908194304,
1972295793437786152,Sun Sep 28 13:42:15 +0000 2025,0,Katamarayudu ,1972295793437786152,,,in,,0,3,0,https://x.com/undefined/status/1972295793437786152,1501112161635995656,
1972286322267341302,Sun Sep 28 13:19:59 +0000 2025,0,@ppiggggggyyy What is murukuu ,1972290189784695228,,ppiggggggyyy,et,,0,1,0,https://x.com/undefined/status/1972290189784695228,1501112161635995656,
1971091533198991554,Sun Sep 28 12:52:11 +0000 2025,0,@bchrulm Sisa yang kuning XL,1972283195967348987,,bchrulm,in,,0,0,0,https://x.com/undefined/status/1972283195967348987,52029529,
1972273950412738620,Sun Sep 28 12:15:27 +0000 2025,0,sekarang kerja bagian malem. tapi gw nya ngantuk. berangkat jangan ya.,1972273950412738620,,,in,,0,0,0,https://x.com/undefined/status/1972273950412738620,765859339416457218,
1972001387279212961,Sun Sep 28 12:04:35 +0000 2025,0,@sung_hanbeen padahal b side nya enak loh kaya doctor doctor insomnia take my hand and i ,1972271216129184080,,sung_hanbeen,in,,0,1,0,https://x.com/undefined/status/1972271216129184080,1814710728500371456,
1971091533198991554,Sun Sep 28 11:48:09 +0000 2025,0,@adit_insomnia size nya ?,1972267078305616378,,adit_insomnia,tl,,0,1,0,https://x.com/undefined/status/1972267078305616378,4023205993,
1972193828263342110,Sun Sep 28 11:47:16 +0000 2025,0,@adit_insomnia september s nya apa ? si emyu kalah lagi,1972266855952998671,,adit_insomnia,in,,0,0,0,https://x.com/undefined/status/1972266855952998671,4023205993,
1972266755801464928,Sun Sep 28 11:46:52 +0000 2025,0,pakan singa.,1972266755801464928,,,in,,0,0,0,https://x.com/undefined/status/1972266755801464928,765859339416457218,
1972231403900137815,Sun Sep 28 11:44:31 +0000 2025,0,@moviemnfs Stellan dari film Insomnia,1972266163993489787,,moviemnfs,in,,0,0,0,https://x.com/undefined/status/1972266163993489787,310684504,
1972266163460886873,Sun Sep 28 11:44:30 +0000 2025,2,7.9/10 insomnia after school nyaman aja nontonnya romance ringan yang jalan ceritanya lambat https://t.co/m5wHrNjL6K,1972266163460886873,https://pbs.twimg.com/media/G17ln7JawAAWiwr.jpg,,in,,0,2,0,https://x.com/undefined/status/1972266163460886873,1931532310849146881,
1972265548521382193,Sun Sep 28 11:42:04 +0000 2025,0,IH TAPI INSOMNIA JUGA BAGUSSS!!!!,1972265548521382193,,,in,,0,0,0,https://x.com/undefined/status/1972265548521382193,1566333148564455424,
1972260131124777415,Sun Sep 28 11:20:32 +0000 2025,0,kelebihan informasi ga bagus juga kadang jadi pedang bermata 2. ngerusak mental.,1972260131124777415,,,in,,0,0,0,https://x.com/undefined/status/1972260131124777415,765859339416457218,
1972259018703032774,Sun Sep 28 11:16:07 +0000 2025,0,[PAKET INSOMNIA] 3 Botol Fitmeup Varian Relax - Atasi Insomnia - Tidur Pulas - Bikin Badan Relax https://t.co/opjFWsqq78,1972259018703032774,,,in,,0,0,0,https://x.com/undefined/status/1972259018703032774,82666759,
1972257013116907963,Sun Sep 28 11:08:09 +0000 2025,0,serba serbi hidup di konoha. ada aja terobosannya. melarang tapi gak ngasih solusi. babi2 istana ini digaji cuma buat nyusahin. mana kegedean pula gajinya.,1972257013116907963,,,in,,0,0,0,https://x.com/undefined/status/1972257013116907963,765859339416457218,
1972253152184598534,Sun Sep 28 10:52:48 +0000 2025,0,5 Potret Keseruan Tyara Renata dan Surya Insomnia Liburan Renang hingga Motoran Bareng Anak https://t.co/xbATYbAewr,1972253152184598534,,,in,,0,0,0,https://x.com/undefined/status/1972253152184598534,864334585860980737,
1971936179991019622,Sun Sep 28 10:51:00 +0000 2025,0,@BlueHooligan___ anjir garede ambek bobotoh mah ,1972252695798108555,,BlueHooligan___,in,,0,0,0,https://x.com/undefined/status/1972252695798108555,765859339416457218,
1972244708593439122,Sun Sep 28 10:45:41 +0000 2025,0,@blessedorbit 10 rebu uang sekali jajan aku beli keripik2an d warung.,1972251359299911958,,blessedorbit,in,,0,1,0,https://x.com/undefined/status/1972251359299911958,765859339416457218,
1972135135614005642,Sun Sep 28 09:47:57 +0000 2025,2,@phi1dunphy @insomnia_clips @hikaripulse @roblox_fess combo body bayi TAPI dandanan biduan bukan bayi doang. kalo body bayi dan dadanan imut/bayi juga ya senada. ga ada yang komenin itu. -1 reading comprehension.,1972236830830637233,,phi1dunphy,in,,0,1,0,https://x.com/undefined/status/1972236830830637233,1634621142920228865,
1972227895675527262,Sun Sep 28 09:12:27 +0000 2025,0,gw gak mau nipu diri gw sendiri.,1972227895675527262,,,in,,0,0,0,https://x.com/undefined/status/1972227895675527262,765859339416457218,
1972218362035163316,Sun Sep 28 08:34:34 +0000 2025,0,Solusi Insomnia Susah Tidur Meningkatkan Kualitas Tidur. Permen jeli harga Rp69.999. https://t.co/SkJn49qGWn https://t.co/O5kS6tTpz4,1972218362035163316,https://pbs.twimg.com/media/G166JbCacAAdbzh.jpg,,in,,0,0,0,https://x.com/undefined/status/1972218362035163316,1725176348249833472,
1972202876090175541,Sun Sep 28 08:11:49 +0000 2025,0,@Amiwithbts7 Mere ghar,1972212639301620190,,Amiwithbts7,in,,0,1,0,https://x.com/undefined/status/1972212639301620190,1849014076351127552,
1972210090083340407,Sun Sep 28 08:01:42 +0000 2025,0,Di jual rumah di Jeruk Purut Jakarta Selatan Spesifikasi rumah : Luas tanah : 1.111 m² Luas bangunan : 348 m² Kamar utama : 3 Kamar art : 2 Kamar mandi : 3 Dapur : 2 Ruang tamu : 1 Ruang keluarga : 1 Ruang makan : 1 Parkir mobil Listrik : 7.700 Watt Air sumur pompa. https://t.co/h1kPF7G7Lg,1972210090083340407,https://pbs.twimg.com/media/G16yngwbAAARjMZ.jpg,,in,,1,0,0,https://x.com/undefined/status/1972210090083340407,1781223220047380480,
1972192904329548243,Sun Sep 28 07:57:07 +0000 2025,0,@Ex_insomnia aman berarti ya ok deh,1972208938788835433,,Ex_insomnia,in,,0,0,0,https://x.com/undefined/status/1972208938788835433,1292413757897846784,
1972180380695576855,Sun Sep 28 07:34:53 +0000 2025,0,@znvnnie Siang,1972203344581329293,,znvnnie,in,,0,0,0,https://x.com/undefined/status/1972203344581329293,1781223220047380480,
1972203209868693842,Sun Sep 28 07:34:21 +0000 2025,0,ga pernah se amazed dan se terharu itu liat artis tp surya insomnia tuh definisi LELAKI banget masyaAllahh pgn bgt punya suami kea dia,1972203209868693842,,,in,,0,0,0,https://x.com/undefined/status/1972203209868693842,1825734550569582592,
1972192904329548243,Sun Sep 28 07:10:05 +0000 2025,0,@berrybluszh mendung doang,1972197102097965349,,berrybluszh,in,,0,1,0,https://x.com/undefined/status/1972197102097965349,765859339416457218,
1972196877518229760,Sun Sep 28 07:09:11 +0000 2025,0,kok dana gak bisa ngirim ke shoope pay ya ?,1972196877518229760,,,in,,0,0,0,https://x.com/undefined/status/1972196877518229760,765859339416457218,
1972190435230863536,Sun Sep 28 07:09:05 +0000 2025,0,@aiakakiaki Weh spill aku yg punya insomnia ini need it,1972196848795635881,,aiakakiaki,in,,0,1,0,https://x.com/undefined/status/1972196848795635881,1089385640548954112,
1972193828263342110,Sun Sep 28 06:57:04 +0000 2025,7,Amorim cocok sih jadi pejabat di Indonesia.,1972193828263342110,,,in,,1,1,4,https://x.com/undefined/status/1972193828263342110,52029529,
1972191456573235603,Sun Sep 28 06:47:39 +0000 2025,0,Tt-tapi insomnia juga bagus chan smpe gue gak prnh lupa klo ada itu lagu :((,1972191456573235603,,,in,,0,0,0,https://x.com/undefined/status/1972191456573235603,1091856492632756224,
1972184865434226924,Sun Sep 28 06:21:27 +0000 2025,0,jalan-jalan cari angin https://t.co/dgK23sagW7,1972184865434226924,https://pbs.twimg.com/media/G16botxb0AAOMDI.jpg,,in,,0,0,0,https://x.com/undefined/status/1972184865434226924,765859339416457218,
1972179759036879263,Sun Sep 28 06:01:10 +0000 2025,0,Sejenak aku lupa ada insomnia ,1972179759036879263,,,in,,0,0,0,https://x.com/undefined/status/1972179759036879263,1712678699785699328,
1972178797626872213,Sun Sep 28 05:57:21 +0000 2025,0,Lapar... jalan dulu nyari penumpang biar bisa makan.. bismillah. Semoga dicukupkan rejekinya hari ini.. hehehe apa itu tanggalan merah dan akhir pekan..,1972178797626872213,,,in,,0,0,0,https://x.com/undefined/status/1972178797626872213,1781223220047380480,
1972132739232285042,Sun Sep 28 05:52:24 +0000 2025,0,@nina_cn11 Ssmangat dan jangan lupa makan siang,1972177551142670665,,nina_cn11,in,,0,0,0,https://x.com/undefined/status/1972177551142670665,1781223220047380480,
1972135135614005642,Sun Sep 28 05:30:11 +0000 2025,3,@hikaripulse @insomnia_clips @roblox_fess mjb itu bukan dibuka resletingnya body mini kan udah sekalian ada cd nya. kalo dipakein baju klasik cd-nya tembus makanya jadi kaya gitu,1972171961188208813,,hikaripulse,in,,0,0,0,https://x.com/undefined/status/1972171961188208813,534943869,
1972135135614005642,Sun Sep 28 05:21:11 +0000 2025,0,@insomnia_clips @roblox_fess itu resletingnya kenapa dibuka ,1972169695861395964,,insomnia_clips,in,,0,1,0,https://x.com/undefined/status/1972169695861395964,1409728166,
1972135135614005642,Sun Sep 28 04:59:59 +0000 2025,2,@insomnia_clips @roblox_fess itu fungsi CD lingerie merah diluar buat apaan? ,1972164363248455970,,insomnia_clips,in,,0,1,0,https://x.com/undefined/status/1972164363248455970,1409728166,
1972135135614005642,Sun Sep 28 04:57:01 +0000 2025,0,@insomnia_clips @hikaripulse @roblox_fess Ini mah gak toomuch kek punya sender masih relate,1972163614728770026,,insomnia_clips,in,,0,0,0,https://x.com/undefined/status/1972163614728770026,1556662683189260288,
1972154396021826010,Sun Sep 28 04:20:23 +0000 2025,0,Lah yeoboku kpopers wkwk. Insomnia once uaena suka tripleS. Semuanya d suka sma dia smpai beli albumnya jga wkwk klau skrang udh nggk wota lgi udh pensiun,1972154396021826010,,,in,,0,0,0,https://x.com/undefined/status/1972154396021826010,2791480328,
1972140371380732273,Sun Sep 28 04:17:10 +0000 2025,0,Surya insomnia mirip Joss wayar cok JOSSGAWIN INVINCIBLE #JossGawinFancon,1972153588463108240,,loveguavacherry,in,,0,0,0,https://x.com/undefined/status/1972153588463108240,1300954669582184448,
1972149826730315945,Sun Sep 28 04:02:14 +0000 2025,0,Nggaaaaa insomnia juga bagus sayangggg,1972149826730315945,,,in,,0,0,0,https://x.com/undefined/status/1972149826730315945,1809612649321361411,
1972133139540771025,Sun Sep 28 02:55:55 +0000 2025,3,insomnia gang,1972133139540771025,,,in,,0,0,0,https://x.com/undefined/status/1972133139540771025,210621000,
1935293013783416990,Sun Sep 28 02:13:50 +0000 2025,0,@vivzeuna Woiya dong. Kalau nggak cakep nanti mana mungkin InSomnia terus terpikat ke aku. Tujuan muliaku adalah biar mereka terus setia sama kami. Nggak bakalan ngejar kok! Kamu yang tendang nanti aku pegangin tali kekangnya biar nggak ngejar kamu (risiko ditanggung pribadi).,1972122550626144531,,vivzeuna,in,,0,1,0,https://x.com/undefined/status/1972122550626144531,1304775633076011008,
1971929617146802656,Sun Sep 28 02:11:18 +0000 2025,0,@sugarbbydps Aku insomnia grgr crush kmaren ,1972121909728092238,,sugarbbydps,in,,0,0,0,https://x.com/undefined/status/1972121909728092238,1409538979234422787,
1972114832033042572,Sun Sep 28 01:43:10 +0000 2025,6,Ada yang takut haechan selama hiatus nggak bisa ngelakuin hobinya tenang aja ini lee haechan banyak hal yang bisa dia lakuin semoga kalian nggak lupa gimana insomnia bisa kebentuk. Setelah ini kita bakal ketemu lee haechan yang lebih kuat lebih berani jadi ayo sembuh bareng,1972114832033042572,,,in,,0,0,0,https://x.com/undefined/status/1972114832033042572,1720424232407224320,
1972106646798455136,Sun Sep 28 01:10:39 +0000 2025,0,aku akhir2 ini insomnia tapi semangat ngopi nya gapernah pudar,1972106646798455136,,,in,,0,0,0,https://x.com/undefined/status/1972106646798455136,3281141762,
1972105225206141201,Sun Sep 28 01:05:00 +0000 2025,1,Ngga Chan. Gua butuh lagu Insomnia buat nemenin begadang ya,1972105225206141201,,,in,,0,0,0,https://x.com/undefined/status/1972105225206141201,1491333825691291648,
1972102884637790273,Sun Sep 28 00:55:42 +0000 2025,1,km release sendiri aja bisa gak sih chan itu insomnia aku suka banget tau mana full eng jadi cepet hafalnya :(,1972102884637790273,,,in,,0,0,0,https://x.com/undefined/status/1972102884637790273,1563413748899270657,
1972085298688675940,Sat Sep 27 23:45:49 +0000 2025,0,Bertahun-tahun insomnia. Pas pindah ke jkt ga pernahh lagi. Wow... alhamdulillah banget jam 9 udah ngantuk ,1972085298688675940,,,in,,0,0,0,https://x.com/undefined/status/1972085298688675940,1097870240921182209,
1972080509426803006,Sat Sep 27 23:26:47 +0000 2025,0,Percaya banget. Bikin rambut rontok parah jerawatan insomnia parah kena meniere maagh dan terakhir kena gastroenteritis ,1972080509426803006,,,in,,0,0,0,https://x.com/undefined/status/1972080509426803006,1598235023014244352,
1972069266280366488,Sat Sep 27 22:42:07 +0000 2025,0,Oiyaaa dulu pernah janjiin insomnia juga ya bang,1972069266280366488,,,in,,0,0,0,https://x.com/undefined/status/1972069266280366488,1182999619409567747,
1972066783411818508,Sat Sep 27 22:32:15 +0000 2025,0,tapi insomnia seenak itu cuy,1972066783411818508,,,in,,0,0,0,https://x.com/undefined/status/1972066783411818508,1252021006979313664,
1972061325544333682,Sat Sep 27 22:10:33 +0000 2025,0,IYA tapi ttp kita pengen insomnia juga ,1972061325544333682,,,in,,0,0,0,https://x.com/undefined/status/1972061325544333682,1564230306932363265,
1972056185710039537,Sat Sep 27 21:50:08 +0000 2025,0,Tapi jujur aku suka bgt insomnia gimana dooongggg menurut ku cocok bgt suaramu di lagu itu,1972056185710039537,,,in,,0,0,0,https://x.com/undefined/status/1972056185710039537,1342448266537889792,
1972002183353978970,Sat Sep 27 18:15:33 +0000 2025,0,Tapi aku masih tetep berharap Insomnia rilis chan sumpah itu lagu bagus banget ️,1972002183353978970,,,in,,0,0,0,https://x.com/undefined/status/1972002183353978970,1756374169103806465,
1972000264816414752,Sat Sep 27 18:07:55 +0000 2025,0,Why am I having insomnia. Takkan sebab minum coke malam2 kot,1972000264816414752,,,in,,0,0,0,https://x.com/undefined/status/1972000264816414752,57677325,
1971998824928628966,Sat Sep 27 18:02:12 +0000 2025,0,insomnia terus deh akhir-akhir ini.... ada apakah gerangan!?!?!?,1971998824928628966,,,in,,0,0,0,https://x.com/undefined/status/1971998824928628966,1258251535483457537,
1971998420450844942,Sat Sep 27 18:00:36 +0000 2025,0,semuanya BAGUSSS BANGET tapi aku harap sangat amat berharap insomnia bisa di release kapanpun itu aku akan sangat menunggu insomnia di release,1971998420450844942,,,in,,0,0,0,https://x.com/undefined/status/1971998420450844942,1686409615066734592,
1971996257053729225,Sat Sep 27 17:52:00 +0000 2025,0,stres kronis meningkatkan risiko hipertensi insomnia hingga depresi. teknik sederhana seperti meditasi olahraga dan journaling membantu menjaga kesehatan mental tetap stabil. JOSSGAWIN INVINCIBLE #JossGawinFancon,1971996257053729225,,,in,,0,0,0,https://x.com/undefined/status/1971996257053729225,1922229884530917377,
1971996027210403888,Sat Sep 27 17:51:05 +0000 2025,0,Tp kita tetep butuh insomnia,1971996027210403888,,,in,,0,0,0,https://x.com/undefined/status/1971996027210403888,1557953414684102656,
1971992281092927823,Sat Sep 27 17:36:40 +0000 2025,0,setia menunggu insomnia nya haechan beneran rilis. LHC2 LHC3 lesgo,1971992401096102223,,jaeyongchans,in,,0,0,0,https://x.com/undefined/status/1971992401096102223,308784641,
1971991470635880674,Sat Sep 27 17:32:59 +0000 2025,0,noooo insomnia semoga bisa masuk di second album ya chan ,1971991470635880674,,,in,,0,0,0,https://x.com/undefined/status/1971991470635880674,1741376163292057600,
1971991426012794904,Sat Sep 27 17:32:48 +0000 2025,0,iyaa iyaaa. semua lagu di taste emang bagus banget better than insomnia,1971991426012794904,,,in,,0,0,0,https://x.com/undefined/status/1971991426012794904,1684439125733285888,
1971991394610000005,Sat Sep 27 17:32:40 +0000 2025,0,nooo insomnia sama martini blue tetep jadi lagi yg gue harapkan untuk dirilis!!,1971991394610000005,,,in,,0,0,0,https://x.com/undefined/status/1971991394610000005,1522626777792888834,
1971991373785210948,Sat Sep 27 17:32:35 +0000 2025,0,tttapi...insomnia jugaa bagus heyyy,1971991373785210948,,,in,,0,0,0,https://x.com/undefined/status/1971991373785210948,1490048681931796483,
1971986637296111759,Sat Sep 27 17:13:46 +0000 2025,0,syifa insomnia salsabila kembali,1971986637296111759,,,in,,0,1,0,https://x.com/undefined/status/1971986637296111759,1664624057642553345,
1971985146737041775,Sat Sep 27 17:07:51 +0000 2025,0,tidak ada satu hari pun tanpa pening pusing minum panadol migrain insomnia kepala mau pecah hidung tersumbat mata berat astaga,1971985146737041775,,,in,,0,0,0,https://x.com/undefined/status/1971985146737041775,1412899381813018632,
1971982002649026709,Sat Sep 27 17:02:21 +0000 2025,0,@Ali_Asghar09 Insomnia hai bhaiya,1971983763942047935,,Ali_Asghar09,in,,0,1,0,https://x.com/undefined/status/1971983763942047935,1746652792197197824,
1971975774451519667,Sat Sep 27 16:58:17 +0000 2025,0,@Jodiminto 1.Indah Sundari Psikolog Playlist &amp; konten-psikologi dari Indah Sundari topik seperti insomnia self-worth overthinking. ▶️ [Playlist Indah Sundari Psikolog] ▶️ Contoh video Capek Tanpa Alasan? Overthinking Hidup Terasa Hampa ▶️ Video Curhat Bareng Indah ,1971982738086678799,,Jodiminto,in,,0,0,0,https://x.com/undefined/status/1971982738086678799,1232836426850435072,
1971980122732540255,Sat Sep 27 16:47:53 +0000 2025,0,Dasar mata insomnia susah euy,1971980122732540255,,,in,,0,0,0,https://x.com/undefined/status/1971980122732540255,1433155500154265604,
1971978045075738782,Sat Sep 27 16:39:38 +0000 2025,1,istirahat bentar abis itu mo live edisi insomnia.,1971978045075738782,,,in,,0,0,0,https://x.com/undefined/status/1971978045075738782,1772861819990020096,
1971965035821125713,Sat Sep 27 16:03:20 +0000 2025,0,pantai tu sangat tenang. ai yg insomnia kronik ni tersengguk-sengguk yach duduk dekat situ. haha lepas tu boleh la healing-healing menenangkan hati ~ chuolss yg rasa sesak dgn bandar yg crowded &amp; bising gilerr tu boleh la datang sini. tenang jerr... sangatlah tenang ,1971968913014772135,,thislove_moon,in,,0,0,0,https://x.com/undefined/status/1971968913014772135,1233615247069437954,
1971965035821125713,Sat Sep 27 16:00:57 +0000 2025,0,kat pantai kemasin ni air lautnya tenang. boleh mandi-manda dekat situ. lepas tu banyak tempat boleh duduk. tak ada masalah tak bawak tikar pun sebab ada bangku khas kat setiap tempat. ada buaian kayu yang cantik lagi ~ kalau korang insomnia datang lerr sini ,1971968312633594330,,thislove_moon,in,,0,1,0,https://x.com/undefined/status/1971968312633594330,1233615247069437954,
1971965807656948103,Sat Sep 27 15:51:00 +0000 2025,0,welcomeback insomnia dan sakit kepala. mari kita stock parcet dan asmef bwawrta obat flunya. insidal jngn lupa,1971965807656948103,,,in,,0,0,0,https://x.com/undefined/status/1971965807656948103,487344831,
1971962606002000216,Sat Sep 27 15:38:17 +0000 2025,0,Stres Kerja: Pemicu Utama di Balik Gangguan Tidur yang Mengintai Karier Anda https://t.co/no6kN3BDys #sayangitubuh #insomnia #sudahtidur #lembur #larutmalam jaimin malming haye pelatih emyu persib belanda kakang,1971962606002000216,,,in,,0,0,0,https://x.com/undefined/status/1971962606002000216,2887293560,
1971962573462683785,Sat Sep 27 15:38:09 +0000 2025,0,Waspada! Jam Kerja Panjang Merusak Pola Tidur dan Kesehatan Jangka Panjang Anda https://t.co/yBLBWyKc3Y #sayangitubuh #insomnia #sudahtidur #lembur #larutmalam jaimin malming haye pelatih emyu persib belanda kakang,1971962573462683785,,,in,,0,0,0,https://x.com/undefined/status/1971962573462683785,2887293560,
1971962543838253216,Sat Sep 27 15:38:02 +0000 2025,0,Ancaman Sunyi Insomnia: Bagaimana Gangguan Tidur Merusak Produktivitas Kerja Anda https://t.co/6we8AFCK7k #sayangitubuh #insomnia #sudahtidur #lembur #larutmalam jaimin malming haye pelatih emyu persib belanda kakang,1971962543838253216,,,in,,0,0,0,https://x.com/undefined/status/1971962543838253216,2887293560,
1971962511072297310,Sat Sep 27 15:37:54 +0000 2025,0,Lingkaran Setan Kurang Tidur: Mengapa Pekerjaan Anda Terasa Makin Berat https://t.co/xIw7MYA1yG #sayangitubuh #insomnia #sudahtidur #lembur #larutmalam jaimin malming haye pelatih emyu persib belanda kakang,1971962511072297310,,,in,,0,0,0,https://x.com/undefined/status/1971962511072297310,2887293560,
1971962447256080552,Sat Sep 27 15:37:39 +0000 2025,0,Studi Kasus: Insomnia pada Karyawan Korporat. https://t.co/X5QcW5bjDf #sayangitubuh #insomnia #sudahtidur #lembur #larutmalam jaimin malming haye pelatih emyu persib belanda kakang,1971962447256080552,,,in,,0,0,0,https://x.com/undefined/status/1971962447256080552,2887293560,
1971962408009978054,Sat Sep 27 15:37:30 +0000 2025,0,Mitos dan Fakta Seputar Insomnia Akibat Tekanan Pekerjaan: Waspadai Burnout! https://t.co/oO6SUz6DRN #sayangitubuh #insomnia #sudahtidur #lembur #larutmalam jaimin malming haye pelatih emyu persib belanda kakang,1971962408009978054,,,in,,0,0,0,https://x.com/undefined/status/1971962408009978054,2887293560,
1971962356826886326,Sat Sep 27 15:37:17 +0000 2025,0,Bagaimana Insomnia Mengikis Kesehatan Mental dan Fisik Pekerja: Ancaman Senyap di Balik Meja Kantor https://t.co/YJhMo4XGYH #sayangitubuh #insomnia #sudahtidur #lembur #larutmalam jaimin malming haye pelatih emyu persib belanda kakang,1971962356826886326,,,in,,0,0,0,https://x.com/undefined/status/1971962356826886326,2887293560,
1971962320399347772,Sat Sep 27 15:37:09 +0000 2025,0, Kerja Lembur vs. Tidur Nyenyak : Mana yang Lebih Baik untuk Karier? Pilih Kualitas Bukan Kuantiitas! https://t.co/io722U8wuO #sayangitubuh #insomnia #sudahtidur #lembur #larutmalam jaimin malming haye pelatih emyu persib belanda kakang,1971962320399347772,,,in,,0,0,0,https://x.com/undefined/status/1971962320399347772,2887293560,
1971962212094038510,Sat Sep 27 15:36:43 +0000 2025,0,Kombinasi Mematikan: Menguak Risiko Burnout Akibat Insomnia dan Pekerjaan https://t.co/hKYj5m1Mt9 #sayangitubuh #insomnia #sudahtidur #lembur #larutmalam jaimin malming haye pelatih emyu persib belanda kakang,1971962212094038510,,,in,,0,0,0,https://x.com/undefined/status/1971962212094038510,2887293560,
1971960971506913543,Sat Sep 27 15:31:47 +0000 2025,0,Beban Kerja Berlebihan: Memicu Insomnia atau Sebaliknya? https://t.co/KcTFC7Y6k2 #sayangitubuh #insomnia #sudahtidur #lembur #larutmalam jaimin malming haye pelatih emyu persib belanda kakang,1971960971506913543,,,in,,0,0,0,https://x.com/undefined/status/1971960971506913543,2887293560,
1971950012394623067,Sat Sep 27 14:48:14 +0000 2025,0,Mainmu koyok EMYU jap Lemess https://t.co/1DLEdoJqj3,1971950012394623067,https://pbs.twimg.com/ext_tw_video_thumb/1971949906081599489/pu/img/bgLFJV9EsAp7Zuuo.jpg,,in,,0,0,0,https://x.com/undefined/status/1971950012394623067,2333577300,
1971602226096554159,Sat Sep 27 14:23:11 +0000 2025,0,@icijisa udah insomnia,1971943706791125131,,icijisa,in,,0,0,0,https://x.com/undefined/status/1971943706791125131,1463423683645476864,
1971943234097369486,Sat Sep 27 14:21:18 +0000 2025,0,Jidatku breakout ga berenti2 sepanjang sejarah Kerjaannya: Begadang jamal Pas di rumah jd insomnia Stress Kek mana obantnya terus,1971943234097369486,,,in,,0,0,0,https://x.com/undefined/status/1971943234097369486,266988223,
1971875190947959021,Sat Sep 27 14:19:09 +0000 2025,0,@Alterrrrr_Ego Bisa bikin insomnia nih,1971942693959049523,,Alterrrrr_Ego,in,,0,1,0,https://x.com/undefined/status/1971942693959049523,849985783830265857,
1971938164425245065,Sat Sep 27 14:01:09 +0000 2025,0,Obat Sakit Kepala Stress Depresi dan Insomnia. https://t.co/7012QzbVFj,1971938164425245065,https://pbs.twimg.com/media/G127T3pb0AEtXvf.jpg,,in,,0,0,0,https://x.com/undefined/status/1971938164425245065,1803684358416666624,
1971783136116887735,Sat Sep 27 13:11:45 +0000 2025,0,@medeplicht anosmia ama anemia ama amnesia ama insomnia sodaraan ya,1971925728838271301,,medeplicht,in,,0,1,0,https://x.com/undefined/status/1971925728838271301,1482891481941950467,
1971842297789845684,Sat Sep 27 13:05:21 +0000 2025,0,@primerosies Reply. : Lebih tepatnya insomnia aku kumat lagi. : Cakepan yang mana? : Btw kamu rapih gitu abis darimana? Sent.,1971924121236930947,,primerosies,in,,0,1,0,https://x.com/undefined/status/1971924121236930947,2349440971,
1971894986108293472,Sat Sep 27 11:17:14 +0000 2025,0,@woolynqs GOALS DIA AMPE DIUNDANG KE LAPOR PAK TERUS COLLAB SAMA ANDIKA DAN DIUNDANG KE ARISAN SAMA SURYA INSOMNIA JOSSGAWIN INVINCIBLE #JossGawinFancon,1971896912501788800,,woolynqs,in,,0,1,0,https://x.com/undefined/status/1971896912501788800,1809532029689819136,
1971840430946873573,Sat Sep 27 11:13:20 +0000 2025,0,@moviemnfs insomnia (2002)!! agak mirip2 vibesnya menurut gw,1971895928245440849,,moviemnfs,in,,0,0,0,https://x.com/undefined/status/1971895928245440849,1474630669468798977,
1971840430946873573,Sat Sep 27 10:47:35 +0000 2025,3,@moviemnfs Insomnia filmnya Sir Christopher Nolan,1971889450117693659,,moviemnfs,in,,0,0,0,https://x.com/undefined/status/1971889450117693659,1758992893023555584,
1971698194171286006,Fri Sep 26 22:07:36 +0000 2025,2,Pagi pagi ngakak gara gara acara kuis yang dibawakan mas Surya insomnia. Masa ilmu yang mempelajari tentang jamur disebut miss you. Harusnya jawabannya mikologi ,1971698194171286006,,,in,,0,1,0,https://x.com/undefined/status/1971698194171286006,1147597667087728642,
1971695001186042063,Fri Sep 26 21:54:55 +0000 2025,0,dek ini kalo di svt udah dijadiin bahan insomnia zero,1971695001186042063,,,in,,0,0,0,https://x.com/undefined/status/1971695001186042063,1916828712609447936,
1971361079520526541,Fri Sep 26 21:20:08 +0000 2025,0,@dialogsenja__ Awalnya sering sakit bulak balik dr anti body drop. Sampai dr curiga dn blang kmu mikirn apa? Bnyk masalah dok jwbku insomnia juga. Lalu dirujuk ke poli jiwa ternyata burn out parah dan anxiety.,1971686248613060973,,dialogsenja__,in,,0,0,0,https://x.com/undefined/status/1971686248613060973,998720019168047104,
1971677290427031930,Fri Sep 26 20:44:32 +0000 2025,0,takkan tetiba insomnia lahhh pulakkk padehal tadi takde minum coffee pun but ada maybe from matcha tp mcm tak rasa sgt pun matcha dia dahtu malam semalamnya elok je tidur ,1971677290427031930,,,in,,0,0,0,https://x.com/undefined/status/1971677290427031930,395789035,
1971676024355410280,Fri Sep 26 20:39:30 +0000 2025,0,Insomnia menyiksa bgt kalo ada kelas pagi ,1971676024355410280,,,in,,0,0,0,https://x.com/undefined/status/1971676024355410280,1574496362783440896,
1971361079520526541,Fri Sep 26 20:29:25 +0000 2025,0,@dialogsenja__ Emang pikiran ngaruh banget sama kesehatan. Insomnia itu kan salah satu gejalanya. Kl bawaan seneng dan pikiran ++ sie tubuh jg akan kebal dg penyakit. Kl bawaan overthinking dan sedih mulu ya otomatis tubuh jg bakal sering sakit,1971673487275417785,,dialogsenja__,in,,0,0,0,https://x.com/undefined/status/1971673487275417785,1469186047896473601,
1971410687848030553,Fri Sep 26 19:54:42 +0000 2025,0,@worksfess Aku der jadi kebiasaan insomnia gitu karna susah tidur jadi kepala aku sampe nyeri pusing,1971664749730713770,,worksfess,in,,0,0,0,https://x.com/undefined/status/1971664749730713770,1427266140229701634,
1971615504990445993,Fri Sep 26 18:57:20 +0000 2025,0,@insomnia_0201 @xzxnxm Arey jhooth keh raha,1971650312823099479,,insomnia_0201,in,,0,0,0,https://x.com/undefined/status/1971650312823099479,1295291565061967874,
1971625511362482187,Fri Sep 26 18:54:58 +0000 2025,0,@urstrulyvineet @Sukkufan122 @VamsiM777__ naku edche stage poindi gaani..oka kind of vomiting insomnia vachindi aa 5AM ki intiki vachesariki,1971649715080253729,,urstrulyvineet,in,,0,1,0,https://x.com/undefined/status/1971649715080253729,709824643176144897,
1971641541514125766,Fri Sep 26 18:51:22 +0000 2025,1,@MrGoodGuy1914 @insomnia_cooki3 mb pimp,1971648810129805595,,MrGoodGuy1914,in,,0,1,0,https://x.com/undefined/status/1971648810129805595,1933335124717809665,
1971615504990445993,Fri Sep 26 17:56:40 +0000 2025,0,@sodoff_romeo @xzxnxm Yeh sab 18+ harkat nai karo https://t.co/qUtPYq1U8A,1971635043467776399,https://pbs.twimg.com/tweet_video_thumb/G1ynnE6X0AAeZNb.jpg,sodoff_romeo,in,,0,1,0,https://x.com/undefined/status/1971635043467776399,1849014076351127552,
1971629470013649109,Fri Sep 26 17:34:31 +0000 2025,0,Nissanka wah https://t.co/UjHk3VkoKF,1971629470013649109,https://pbs.twimg.com/media/G1yijZ9XoAE-DmH.jpg,,in,,0,0,0,https://x.com/undefined/status/1971629470013649109,1501112161635995656,
1971625986954498161,Fri Sep 26 17:20:40 +0000 2025,0,Orang gila mana yang insomnia jam 12 malam malah nambah koleksi parfum akulah orang gila itu,1971625986954498161,,,in,,0,0,0,https://x.com/undefined/status/1971625986954498161,221667735,
1971625897934631032,Fri Sep 26 17:20:19 +0000 2025,8,it hurts insomnia. belakangan ini lagi susah tidur lagi,1971625897934631032,,,in,,0,2,0,https://x.com/undefined/status/1971625897934631032,1802364084605927425,
1971622310827512150,Fri Sep 26 17:06:04 +0000 2025,0,Tips sembuh dari insomnia ngambang bgt gua td pas kelas kek mau pingsan anjer,1971622310827512150,,,in,,0,0,0,https://x.com/undefined/status/1971622310827512150,1894356527454326792,
1971621870979179007,Fri Sep 26 17:04:19 +0000 2025,0,Oh rasanya ketiduran abis ngerjain tugas PENYEMBUH INSOMNIA ADALAH NGERJAIN TUGASSSSS RAWR,1971621870979179007,,,in,,0,0,0,https://x.com/undefined/status/1971621870979179007,875696221016412164,
1971425451353715033,Fri Sep 26 16:49:59 +0000 2025,0,@adit_insomnia @kolonigigs_ Gawaaattt,1971618262145548356,,adit_insomnia,in,,0,0,0,https://x.com/undefined/status/1971618262145548356,526446943,
1971616485476045286,Fri Sep 26 16:42:55 +0000 2025,0,Insomnia + besok libur update tipis-tipis kuuyy,1971616485476045286,,,in,,0,0,0,https://x.com/undefined/status/1971616485476045286,754027558052564993,
1971613539103330596,Fri Sep 26 16:37:38 +0000 2025,0,@skynah_ best aku orangnya insomnia udah kebiasaan tidur jam 3-4 pagi waktu Malaysia wkwkwk jam 1 pagi ke atas jam paling aktif buat aku &gt;.&lt; &lt;3 jd bobo sebelum waktu itu jarang terjadi dek T^T tp makasih &lt;3,1971615155239911841,,skynah_,in,,1,0,0,https://x.com/undefined/status/1971615155239911841,1964248814463959040,
1971603409200644219,Fri Sep 26 16:26:35 +0000 2025,0,@insomnia_0201 Wo babu mathematics ka bhi kuch ho jaata to,1971612374399652269,,insomnia_0201,in,,0,1,0,https://x.com/undefined/status/1971612374399652269,1048060639569006592,
1971494709265863015,Fri Sep 26 09:20:35 +0000 2025,0,@kolonigigs_ Ternyata Surya Insomnia,1971505167402168348,,kolonigigs_,in,,0,0,0,https://x.com/undefined/status/1971505167402168348,347221926,
1971229105724281019,Fri Sep 26 09:19:18 +0000 2025,0,@naravenya Mmm kakinya,1971504844440752409,,naravenya,tl,,0,0,0,https://x.com/undefined/status/1971504844440752409,1781223220047380480,
1971425451353715033,Fri Sep 26 09:16:53 +0000 2025,0,@adit_insomnia @kolonigigs_ Bisa aja mas mas model yeahright,1971504236451233840,,adit_insomnia,in,,0,0,0,https://x.com/undefined/status/1971504236451233840,66555677,
1971475983833366998,Fri Sep 26 07:24:37 +0000 2025,1,Roi 5CR ah orey pulka,1971475983833366998,,,in,,0,1,0,https://x.com/undefined/status/1971475983833366998,1501112161635995656,
1971376646478594472,Fri Sep 26 07:18:35 +0000 2025,0,@daripear insomnia akut kak,1971474464757137862,,daripear,in,,0,1,0,https://x.com/undefined/status/1971474464757137862,1546747429281603584,
1971461584485745008,Fri Sep 26 06:27:24 +0000 2025,2,malam Jumat ini adalah malam ke sembilan ratus Laila lepas landas dan mendarat di bulan. aku membilangnya agar dua puluh tahun kemudian saat kiamat datang dan jantungku hilang ada sesuatu yang tercatat untuk menegaskan kangen berat seorang pengidap insomnia. - @sajakindie,1971461584485745008,,,in,,0,0,2,https://x.com/undefined/status/1971461584485745008,279453694,
1971457416773632090,Fri Sep 26 06:10:50 +0000 2025,2,ntakut banget jadi bahan roasting di insomnia zero banggg ,1971457416773632090,,,in,,0,0,0,https://x.com/undefined/status/1971457416773632090,1182100219179098113,
1970786034289107197,Fri Sep 26 06:09:34 +0000 2025,0,@gabutforlife @IndoPopBase OMG!! Merinding banget liatnya. I feel you Tasyaaa dikhianati orang yang paling dipercaya itu emang nyakitin banget. Wajar kalau sampai insomnia berhari-hari. Itu ada yg bilang digadein apa yg digadein?? Rumah bu Ala? Bawa orang asing ngacak-ngacak keluarga tuh,1971457098488971381,,gabutforlife,in,,0,0,0,https://x.com/undefined/status/1971457098488971381,1797555961173057536,
1971452821875851423,Fri Sep 26 05:52:35 +0000 2025,0,EITSSSS sespesies sama si mingyu mingyu itu bihh PLSSS KAPAN INSOMNIA ZERO LAGIIII https://t.co/hmXadujoOK,1971452821875851423,https://pbs.twimg.com/amplify_video_thumb/1971351563823349762/img/VPLaEO55oFoOtjFh.jpg,,in,,0,0,0,https://x.com/undefined/status/1971452821875851423,1416597745939275779,
1971451510849667132,Fri Sep 26 05:47:22 +0000 2025,0,Standby di kemang https://t.co/ghiMPoc84K,1971451510849667132,https://pbs.twimg.com/media/G1wAr8UbMAACtm0.jpg,,in,,0,0,0,https://x.com/undefined/status/1971451510849667132,1781223220047380480,
1971432822540992868,Fri Sep 26 05:43:15 +0000 2025,0,@_PokokTuru WKWKWKWK bknnya itu insomnia ya,1971450476324667408,,_PokokTuru,in,,0,1,0,https://x.com/undefined/status/1971450476324667408,1668953589363113984,
1971446978740682764,Fri Sep 26 05:29:22 +0000 2025,0,Luhgeknya nyapuin....ganti nama jdi Carmen insomnia aja dah https://t.co/eE01NGuBCh,1971446978740682764,https://pbs.twimg.com/tweet_video_thumb/G1v8kngaAAgKlxw.jpg,,in,,0,0,0,https://x.com/undefined/status/1971446978740682764,184781693,
1971443999849521540,Fri Sep 26 05:28:15 +0000 2025,0,@insomnia_0201 Lelo yrr mera exam hai yeh bc baarish nhi ruk nhi rahi,1971446700951863357,,insomnia_0201,in,,0,0,0,https://x.com/undefined/status/1971446700951863357,1398527732082896900,
1971443927556423689,Fri Sep 26 05:17:14 +0000 2025,1,Yuk makan https://t.co/PXswvK658i,1971443927556423689,https://pbs.twimg.com/media/G1v5ysyboAAtWR2.jpg,,in,,0,0,0,https://x.com/undefined/status/1971443927556423689,1781223220047380480,
1971440183548772774,Fri Sep 26 05:02:22 +0000 2025,0,Insomnia bbrp hari ini kl siang ngantuk bgt,1971440183548772774,,,in,,0,0,0,https://x.com/undefined/status/1971440183548772774,882582913966985216,
1971439233081671971,Fri Sep 26 04:58:35 +0000 2025,1,Kalo ngantuk pas pagi gini jadi nyesel kenapa semalam sok sok insomnia ,1971439233081671971,,,in,,0,0,0,https://x.com/undefined/status/1971439233081671971,375304495,
1971410687848030553,Fri Sep 26 04:34:11 +0000 2025,0,@worksfess Pernah waktu gue Insomnia selama 2 bulanan gue tidur subuh jam 4 bangun jam setengah 6. Mantap banget,1971433091215556957,,worksfess,in,,0,0,0,https://x.com/undefined/status/1971433091215556957,167311973,
1971431772564144164,Fri Sep 26 04:28:56 +0000 2025,3,Jumat Insomnia Sabtu Eskala menyala,1971431772564144164,,,in,,0,1,0,https://x.com/undefined/status/1971431772564144164,1385613625998528515,
1971425977634111534,Fri Sep 26 04:05:55 +0000 2025,0,Depok semalam https://t.co/8ZKJYq8NAc,1971425977634111534,https://pbs.twimg.com/ext_tw_video_thumb/1971425889138446336/pu/img/fS1KvTKuhTzhS_9S.jpg,,in,,0,0,0,https://x.com/undefined/status/1971425977634111534,1781223220047380480,
1971410721138446558,Fri Sep 26 03:05:17 +0000 2025,1,#kontekstrivia - Ada sebuah penyakit langka bernama Familial Fatal Insomnia (FFI). Awalnya hanya berupa kesulitan tidur. Dampaknya sangat serius: berat badan turun drastis kehilangan keseimbangan daya ingat melemah hingga muncul halusinasi.(ag) #FaktaUnik #InfoKesehatan https://t.co/XVa4Sv22by,1971410721138446558,https://pbs.twimg.com/media/G1vbmnAbYAAJ9cZ.jpg,,in,,0,0,1,https://x.com/undefined/status/1971410721138446558,1565270466238902274,
1971250660437094619,Thu Sep 25 16:29:16 +0000 2025,0,Terbangun Dini Hari dan Tidak Bisa Tidur Lagi? Kenali Gejala dan 3 Penyebab Late Insomnia @KemenkesRI https://t.co/DkDOW8dAuh #mojokerto #kesehatan #dinihari #insomnia #kabarterdepan,1971250660437094619,,,in,,0,0,2,https://x.com/undefined/status/1971250660437094619,283305745,
1970862320034402451,Thu Sep 25 16:26:38 +0000 2025,0,@beckhamputran bacaan komentar tam loba nasehat penting keur karir didinya bobotoh nyaah ka didinya sukses terus tam semoga makin meningkat terus ,1971249999892881865,,beckhamputran,in,,0,0,0,https://x.com/undefined/status/1971249999892881865,765859339416457218,
1971245835565326426,Thu Sep 25 16:12:03 +0000 2025,0,@sbyfess Insomnia itu ga tidur samsek ya?,1971246330904445137,,sbyfess,in,,0,0,0,https://x.com/undefined/status/1971246330904445137,1899072142643548160,
1971245835565326426,Thu Sep 25 16:10:05 +0000 2025,2,-rek kenopo gurung turu? yaopo ben gk insomnia ,1971245835565326426,,,in,,0,14,0,https://x.com/undefined/status/1971245835565326426,1152437175587241985,
1971239335472304564,Thu Sep 25 16:02:00 +0000 2025,0,@kegblgnunfaedh Iya sayang aku sejenis insomnia,1971243799226744963,,kegblgnunfaedh,in,,0,0,0,https://x.com/undefined/status/1971243799226744963,1512713342,
1971111223774072836,Thu Sep 25 15:57:19 +0000 2025,0,@tanyarlfes Karna insomnia... biar sadar diri bahaya nya apa https://t.co/5jtaOnhsQO,1971242620279292389,https://pbs.twimg.com/media/G1tCtk9aAAE6LqL.jpg,tanyarlfes,in,,0,0,0,https://x.com/undefined/status/1971242620279292389,1727232238486745088,
1971214630887514279,Thu Sep 25 15:54:31 +0000 2025,0,@Josswayar @djuliasaririzka Kenceng banget FS mereka. Gelangnya si G dipake after all this time. Seperti yang udah aku curhatin let s enjoy their moments. 10 tahun itu masih lama. Satu tahun ke depan pun belum pasti. Makin OVT Mau nangis Insomnia Butuh liburan banget,1971241915359297708,,Josswayar,in,,0,0,0,https://x.com/undefined/status/1971241915359297708,1934441536919572480,
1971241695393218834,Thu Sep 25 15:53:38 +0000 2025,1,definisi cari penyakit aslam+vertigo+insomnia cuma punya waktu kurang dari 4 jam sebelum kembali ke aktifitas harian:) https://t.co/0hfQJzPlxA,1971241695393218834,https://pbs.twimg.com/media/G1tB3oIWwAAeo5Q.jpg,,in,,0,0,0,https://x.com/undefined/status/1971241695393218834,1288984136820994048,
1971238098861449461,Thu Sep 25 15:39:21 +0000 2025,3,malam Jumat ini adalah malam ke sembilan ratus Laila lepas landas dan mendarat di bulan. aku membilangnya agar dua puluh tahun kemudian saat kiamat datang dan jantungku hilang ada sesuatu yang tercatat untuk menegaskan kangen berat seorang pengidap insomnia. @filesajak,1971238098861449461,,,in,,0,0,1,https://x.com/undefined/status/1971238098861449461,107155656,
1971237281123193142,Thu Sep 25 15:36:06 +0000 2025,0,Tiap kali nelpon ibu mesti gak pernah kelewatan kui loh konco2mu wis podo nikah nk kuwe wis ndue pacar bok ya kenalke ibu ,1971237281123193142,,,in,,0,0,0,https://x.com/undefined/status/1971237281123193142,2333577300,
1971235728060448792,Thu Sep 25 15:29:56 +0000 2025,1,kok bisa ya orang penderita insomnia malah dapet pacar gw dapetnya kleyengan seharian,1971235728060448792,,,in,,0,1,0,https://x.com/undefined/status/1971235728060448792,1252169013162946560,
1970588831247376543,Thu Sep 25 15:04:21 +0000 2025,0,@yvainerara Aku pernah di fase denial juga mikir bisa ngatasin sendiri. Nyatanya makin drop krn insomnia &amp; anxiety akhirnya coba konsul psikiater di Halodoc ternyata lega bgt bisa cerita tanpa di-judge Dapat cashback pake kode konsul ️KONSULCBWYNFS OBATCBLHY0R klo perlu obat,1971229291284398420,,yvainerara,in,,0,0,0,https://x.com/undefined/status/1971229291284398420,1944241071363645440,
1971206606659706930,Thu Sep 25 14:42:48 +0000 2025,0,@azielcz Iyalah dari kapan keluhanmu kan insomnia.,1971223870373072966,,azielcz,in,,0,1,0,https://x.com/undefined/status/1971223870373072966,1894332909383028739,
1971216281505562912,Thu Sep 25 14:12:39 +0000 2025,4,Ryuji kutey jyada usagi se chipak mat https://t.co/eDojSiKGPS,1971216281505562912,https://pbs.twimg.com/tweet_video_thumb/G1sqwLQWcAAsMOP.jpg,,in,,0,1,2,https://x.com/undefined/status/1971216281505562912,1849014076351127552,
1971184411250139375,Thu Sep 25 13:06:22 +0000 2025,0,@softspokendust this is me with my nonorganic insomnia lmao they've stopped my regular sleeping pills karena tb tb udah ga dicover lagi sama bpjs (apa lagi gwe pbi juga),1971199602079764942,,softspokendust,in,,0,1,0,https://x.com/undefined/status/1971199602079764942,966033146905952257,
1971091533198991554,Thu Sep 25 12:38:15 +0000 2025,0,@adit_insomnia cek mahar bang,1971192526377021761,,adit_insomnia,in,,0,0,0,https://x.com/undefined/status/1971192526377021761,728427070380900352,
1971184268719292628,Thu Sep 25 12:15:35 +0000 2025,1,@whatifheflingit Areyy yeh toh one v nai dekhi 16 episode piche khair yeh idhar oomf nai hai uss wale account pe hai https://t.co/guNpghNEkp,1971186819229417747,https://pbs.twimg.com/tweet_video_thumb/G1sP72QXsAAj7V_.jpg,whatifheflingit,in,,0,0,0,https://x.com/undefined/status/1971186819229417747,1849014076351127552,
1971180345879035912,Thu Sep 25 12:09:01 +0000 2025,0,@OnlyFrPSPK Later Koti women's clg lo 2 days chesaru ikaa eh yearrr lo 12 days https://t.co/Tal92jauOa,1971185169471242692,,OnlyFrPSPK,in,,0,0,0,https://x.com/undefined/status/1971185169471242692,1501112161635995656,
1971169044310241698,Thu Sep 25 11:48:33 +0000 2025,0,@LalitaG52625162 Game nai bataungi but it's jaw dropping,1971180016076718548,,LalitaG52625162,in,,0,0,0,https://x.com/undefined/status/1971180016076718548,1849014076351127552,
1971169044310241698,Thu Sep 25 11:46:46 +0000 2025,0,@insomnia_0201 Aiyyyy spoil krna bnd kro mene nhi dkha h abhi https://t.co/J0j05TYd7y,1971179569337205124,https://pbs.twimg.com/tweet_video_thumb/G1sJXLSW8AAL__t.jpg,insomnia_0201,in,,0,1,0,https://x.com/undefined/status/1971179569337205124,1261052801620336641,
1971174324074938859,Thu Sep 25 11:45:21 +0000 2025,0,@jengderrrr Kapan?,1971179210892095890,,jengderrrr,tl,,0,0,0,https://x.com/undefined/status/1971179210892095890,1781223220047380480,
1971169044310241698,Thu Sep 25 11:04:57 +0000 2025,3,Squid game jaisa harkat kyu ho rha Bhai yeh recruiter kyu hai aur yeh joker card baat rha https://t.co/Z9FcIEC6n6,1971169044310241698,https://pbs.twimg.com/tweet_video_thumb/G1r_ySsWoAAx9qs.jpg,,in,,1,4,0,https://x.com/undefined/status/1971169044310241698,1849014076351127552,
1971163201539912040,Thu Sep 25 11:00:40 +0000 2025,0,@namjoona9764ps2 Areyy woh video dekh lo revision wali,1971167964859883745,,namjoona9764ps2,in,,0,0,0,https://x.com/undefined/status/1971167964859883745,1849014076351127552,
1971129197537177600,Thu Sep 25 10:37:37 +0000 2025,1,@ilhampurnama887 Bangkeeeeee malam mencekam selalu mencekam bikin insomnia 7 hari 7 malam,1971162167736164768,,ilhampurnama887,in,,0,1,0,https://x.com/undefined/status/1971162167736164768,1764303093779636224,
1971156910675206300,Thu Sep 25 10:16:44 +0000 2025,1,Junyoung kapan bawain Insomnia,1971156910675206300,,,in,,0,0,0,https://x.com/undefined/status/1971156910675206300,1509567577869418496,
1971121249658212445,Thu Sep 25 08:39:45 +0000 2025,0,@secretepan btw ini ga menjamin yaaa kalo memang udah lama insom lebih baik diperiksakan ke dokter aja. terus jangan mainan hp kalo udah mendekati waktu tidur soalnya bikin makin insomnia,1971132506083852558,,secretepan,in,,0,1,0,https://x.com/undefined/status/1971132506083852558,1457678662724055047,
1971091533198991554,Thu Sep 25 08:33:20 +0000 2025,0,@adit_insomnia mellonnya berapa bang?,1971130890832183437,,adit_insomnia,in,,0,1,0,https://x.com/undefined/status/1971130890832183437,1247216611737518080,
1970908739403383274,Thu Sep 25 08:02:35 +0000 2025,0,@Mrham_22 @thombrider254 Msee wa jaba najulia wapi insomnia,1971123152014147795,,Mrham_22,in,,0,0,0,https://x.com/undefined/status/1971123152014147795,1496788780862394369,
1971117141085827390,Thu Sep 25 07:51:50 +0000 2025,0,@Alaa03160 MAU INSOMNIA IN OFFICIAL BANGET,1971120445048197358,,haechanahh66,in,,0,1,0,https://x.com/undefined/status/1971120445048197358,1769482232220315648,
1970786034289107197,Thu Sep 25 07:43:25 +0000 2025,2,@pottervers @awlachimolala @IndoPopBase Brengsek banget emang Ahmad ya. Pantes aja Tasya sampai insomnia berhari-hari orang yg mengkhianati dia orang yang paling dia percaya dihidupnya. Gila banget asleeee...,1971118329109860378,,pottervers,in,,0,0,1,https://x.com/undefined/status/1971118329109860378,1051433545409781760,
1970873571070431250,Thu Sep 25 07:01:48 +0000 2025,0,@nadnadahhah Cantik,1971107855605653952,,cucuudeloow,in,,0,0,0,https://x.com/undefined/status/1971107855605653952,1781223220047380480,
1971105254810042671,Thu Sep 25 07:00:23 +0000 2025,0,@tjuanku Beberapa cara efektif mengatasi insomnia berdasarkan saran medis seperti dari Mayo Clinic dan NHLBI: 1. Terapi CBT-I: Ubah pikiran dan kebiasaan tidur negatif bisa via app atau ahli. 2. Jadwal tidur tetap: Tidur dan bangun sama setiap hari hindari tidur siang. 3. Hindari,1971107499349770740,,tjuanku,in,,0,0,0,https://x.com/undefined/status/1971107499349770740,1720665183188922368,
1971100204440105364,Thu Sep 25 06:31:24 +0000 2025,0,Radjhid ora bo Look bek Korda e temporada aki!! Kaminda eno ke tuma responsabilidat riba su akshonnan! I ta pushando riba bo stress innesesario ku ta kausabo insomnia! Ku bo no por ni funshona manera mester ta!,1971100204440105364,,,in,,0,0,0,https://x.com/undefined/status/1971100204440105364,1177718201947447302,
1971091533198991554,Thu Sep 25 05:56:57 +0000 2025,18,Jual kaos SP (used) buat dipake minggu depan. Yang minat DM aja yes! https://t.co/LiZ8hecZzM,1971091533198991554,https://pbs.twimg.com/media/G1q5S7vasAAMF-u.jpg,,in,,1,4,0,https://x.com/undefined/status/1971091533198991554,52029529,
1971085072729354546,Thu Sep 25 05:41:18 +0000 2025,0,@bayu_cadell Gak bisa kalau tidur siang malemya insomnia,1971087596509069647,,bayu_cadell,in,,0,0,0,https://x.com/undefined/status/1971087596509069647,1485266888381059076,
1971084056608768183,Thu Sep 25 05:27:14 +0000 2025,5,Doc: saya suggest bagi ubat lorazepam so that u boleh tido tanpa sebarang gangguan Me and depression plus insomnia: enlightened me doc,1971084056608768183,,,in,,0,1,0,https://x.com/undefined/status/1971084056608768183,1865282192521465856,
1971078253797675042,Thu Sep 25 05:04:11 +0000 2025,0,Riweh https://t.co/3i2A1mn9qS,1971078253797675042,https://pbs.twimg.com/ext_tw_video_thumb/1971078225469243399/pu/img/svKQGuSh7jqWE8gd.jpg,,in,,0,0,0,https://x.com/undefined/status/1971078253797675042,1781223220047380480,
1971078009668108438,Thu Sep 25 05:03:13 +0000 2025,0,Hanya mengantar dan menjemput tapi tidak pernah jadi pengunjung https://t.co/6sOeaxuVtd,1971078009668108438,https://pbs.twimg.com/ext_tw_video_thumb/1971077985676689412/pu/img/08xPbzf_1-nQ3Byf.jpg,,in,,0,0,0,https://x.com/undefined/status/1971078009668108438,1781223220047380480,
1971072767853477968,Thu Sep 25 04:42:23 +0000 2025,0,Udh mau 1 tahun timeless world tour tapi gw masih gabisa denger beberapa lagu kek good so bad insomnia teman bahagia apt hello sumpah klo keputer tu lagu otak gw auto flashback gtu nnti ujung2nya nangis gaada yg ngasi tau klo pcd bisa selama ini,1971072767853477968,,,in,,0,0,0,https://x.com/undefined/status/1971072767853477968,1636658741226659840,
1971030836419100771,Thu Sep 25 01:55:46 +0000 2025,0,sama nder akun private ku yg tk buat dri thn 2021 mana pas buat itu akunya awal² kena insomnia lagi langsung kek.. deghhhh ,1971030836419100771,,,in,,0,0,0,https://x.com/undefined/status/1971030836419100771,1406982992493309952,
